-- SELECT * FROM mydb.gamelibrary;
-- MySQL Script generated by MySQL Workbench
-- Wed Dec  7 15:41:42 2022
-- Model: New Model    Version: 1.0
-- MySQL Workbench Forward Engineering

SET @OLD_UNIQUE_CHECKS=@@UNIQUE_CHECKS, UNIQUE_CHECKS=0;
SET @OLD_FOREIGN_KEY_CHECKS=@@FOREIGN_KEY_CHECKS, FOREIGN_KEY_CHECKS=0;
SET @OLD_SQL_MODE=@@SQL_MODE, SQL_MODE='ONLY_FULL_GROUP_BY,STRICT_TRANS_TABLES,NO_ZERO_IN_DATE,NO_ZERO_DATE,ERROR_FOR_DIVISION_BY_ZERO,NO_ENGINE_SUBSTITUTION';

-- -----------------------------------------------------
-- Schema mydb
-- -----------------------------------------------------

-- -----------------------------------------------------
-- Schema mydb
-- -----------------------------------------------------
CREATE SCHEMA IF NOT EXISTS `mydb` DEFAULT CHARACTER SET utf8 ;
USE `mydb` ;


-- -----------------------------------------------------
-- Table to store information about game libraries
-- -----------------------------------------------------
CREATE TABLE IF NOT EXISTS `mydb`.`Library` (
  `idLibrary` INT NOT NULL,
  `Number_Games` INT NULL,
  PRIMARY KEY (`idLibrary`))
ENGINE = InnoDB;

-- -----------------------------------------------------
-- Table to store user information
-- -----------------------------------------------------
CREATE TABLE IF NOT EXISTS `mydb`.`User` (
  `idUser` INT NOT NULL,
  `First_name` VARCHAR(45) NOT NULL,
  `M_I` VARCHAR(1) NULL,
  `Last_name` VARCHAR(45) NOT NULL,
  `Username` VARCHAR(45) NOT NULL,
  `Email` VARCHAR(45) NOT NULL,
  `Phone_number` VARCHAR(20) NOT NULL, -- Changed to VARCHAR to accommodate phone number format
  `DOB` DATE NOT NULL, -- Changed to DATE for better date handling
  `Password` VARCHAR(45) NOT NULL,
  `Address` VARCHAR(45) NULL,
  `Country` VARCHAR(45) NULL,
  `idLibrary` INT NOT NULL, -- Changed to INT to match the Library table
  PRIMARY KEY (`Username`),
  UNIQUE INDEX `Email_UNIQUE` (`Email` ASC),
  UNIQUE INDEX `Username_UNIQUE` (`Username` ASC),
  UNIQUE INDEX `idLibrary_UNIQUE` (`idLibrary` ASC),
  CONSTRAINT `fk_User_Library`
    FOREIGN KEY (`idLibrary`)
    REFERENCES `mydb`.`Library` (`idLibrary`)
    ON DELETE NO ACTION
    ON UPDATE NO ACTION)
ENGINE = InnoDB;

-- -----------------------------------------------------
-- Table to store game genres
-- -----------------------------------------------------
CREATE TABLE IF NOT EXISTS `mydb`.`Genre` (
  `idGenre` INT NOT NULL,
  `Genre_name` VARCHAR(45) NULL,
  PRIMARY KEY (`idGenre`))
ENGINE = InnoDB;


-- -----------------------------------------------------
-- Table to store game information
-- -----------------------------------------------------
CREATE TABLE IF NOT EXISTS `mydb`.`Game` (
  `idGame` INT NOT NULL,
  `Title` VARCHAR(45) NULL,
  `idPublisher` INT NULL,
  `Release_year` INT NULL,
  PRIMARY KEY (`idGame`),
  INDEX `Publisher_idx` (`idPublisher` ASC),
  CONSTRAINT `Publisher`
    FOREIGN KEY (`idPublisher`)
    REFERENCES `mydb`.`Publisher` (`idPublisher`)
    ON DELETE NO ACTION
    ON UPDATE NO ACTION)
ENGINE = InnoDB;


-- -----------------------------------------------------
-- Table to store publisher information
-- -----------------------------------------------------
CREATE TABLE IF NOT EXISTS `mydb`.`Publisher` (
  `idPublisher` INT NOT NULL,
  `Publisher_name` VARCHAR(45) NULL,
  PRIMARY KEY (`idPublisher`))
ENGINE = InnoDB;


-- -----------------------------------------------------
-- Table to store region information
-- -----------------------------------------------------
CREATE TABLE IF NOT EXISTS `mydb`.`Region` (
  `idRegion` INT NOT NULL,
  `Region_name` VARCHAR(45) NULL,
  PRIMARY KEY (`idRegion`))
ENGINE = InnoDB;


-- -----------------------------------------------------
-- Table to store sales information by region
-- -----------------------------------------------------
CREATE TABLE IF NOT EXISTS `mydb`.`Region_Sale` (
  `idRegion_Sale` INT NOT NULL,
  `Genre_id` INT NULL,
  `Num_Sales` INT NULL,
  `idRegion` INT NULL,
  PRIMARY KEY (`idRegion_Sale`),
  INDEX `idx_RegionSale_Genre` (`Genre_id` ASC),
  INDEX `idx_RegionSale_Region` (`idRegion` ASC),
  CONSTRAINT `fk_RegionSale_Genre`
    FOREIGN KEY (`Genre_id`)
    REFERENCES `mydb`.`Genre` (`idGenre`)
    ON DELETE NO ACTION
    ON UPDATE NO ACTION,
  CONSTRAINT `fk_RegionSale_Region`
    FOREIGN KEY (`idRegion`)
    REFERENCES `mydb`.`Region` (`idRegion`)
    ON DELETE NO ACTION
    ON UPDATE NO ACTION)
ENGINE = InnoDB;


-- -----------------------------------------------------
-- Table to store store information
-- -----------------------------------------------------
CREATE TABLE IF NOT EXISTS `mydb`.`Store` (
  `idStore` INT NOT NULL,
  `Games_N_sold` INT NOT NULL, -- Changed to INT for consistency
  `Games_owned` INT NOT NULL,
  `Games_price` DECIMAL(10, 2) NOT NULL, -- Changed to DECIMAL for price
  `Game_release` DATE NOT NULL, -- Changed to DATE for better date handling
  `Game_id` INT NOT NULL,
  PRIMARY KEY (`idStore`, `Game_id`),
  UNIQUE INDEX `Game_id_UNIQUE` (`Game_id` ASC),
  CONSTRAINT `fk_Store_Game`
    FOREIGN KEY (`Game_id`)
    REFERENCES `mydb`.`Game` (`idGame`)
    ON DELETE NO ACTION
    ON UPDATE NO ACTION)
ENGINE = InnoDB;


-- -----------------------------------------------------
-- Table `mydb`.`Game_Genre`
-- -----------------------------------------------------
CREATE TABLE IF NOT EXISTS `mydb`.`Game_Genre` (
  `idGameGenre` INT NOT NULL AUTO_INCREMENT,
  `idGame` INT NOT NULL,
  `idGenre` INT NOT NULL,
  PRIMARY KEY (`idGameGenre`),
  UNIQUE INDEX `idx_Game_Genre_Pair` (`idGame` ASC, `idGenre` ASC),
  CONSTRAINT `fk_GameGenre_Game`
    FOREIGN KEY (`idGame`)
    REFERENCES `mydb`.`Game` (`idGame`)
    ON DELETE CASCADE
    ON UPDATE CASCADE,
  CONSTRAINT `fk_GameGenre_Genre`
    FOREIGN KEY (`idGenre`)
    REFERENCES `mydb`.`Genre` (`idGenre`)
    ON DELETE CASCADE
    ON UPDATE CASCADE)
ENGINE = InnoDB;


-- -----------------------------------------------------
-- Table `mydb`.`Game_Region`
-- -----------------------------------------------------
CREATE TABLE IF NOT EXISTS `mydb`.`Game_Region` (
  `idGameRegion` INT NOT NULL AUTO_INCREMENT,
  `idGame` INT NOT NULL,
  `idRegion` INT NOT NULL,
  PRIMARY KEY (`idGameRegion`),
  UNIQUE INDEX `idx_Game_Region_Pair` (`idGame` ASC, `idRegion` ASC),
  CONSTRAINT `fk_GameRegion_Game`
    FOREIGN KEY (`idGame`)
    REFERENCES `mydb`.`Game` (`idGame`)
    ON DELETE CASCADE
    ON UPDATE CASCADE,
  CONSTRAINT `fk_GameRegion_Region`
    FOREIGN KEY (`idRegion`)
    REFERENCES `mydb`.`Region` (`idRegion`)
    ON DELETE CASCADE
    ON UPDATE CASCADE)
ENGINE = InnoDB;



SET SQL_MODE=@OLD_SQL_MODE;
SET FOREIGN_KEY_CHECKS=@OLD_FOREIGN_KEY_CHECKS;
SET UNIQUE_CHECKS=@OLD_UNIQUE_CHECKS;

-- -----------------------------------------------------
-- Data for table `mydb`.`Library`
-- -----------------------------------------------------
START TRANSACTION;
USE `mydb`;
INSERT INTO `mydb`.`Library` (`idLibrary`, `Number_Games`) VALUES (1, 20);
INSERT INTO `mydb`.`Library` (`idLibrary`, `Number_Games`) VALUES (2, 8);
INSERT INTO `mydb`.`Library` (`idLibrary`, `Number_Games`) VALUES (3, 34);
INSERT INTO `mydb`.`Library` (`idLibrary`, `Number_Games`) VALUES (4, 4);
INSERT INTO `mydb`.`Library` (`idLibrary`, `Number_Games`) VALUES (5, 18);
INSERT INTO `mydb`.`Library` (`idLibrary`, `Number_Games`) VALUES (6, 43);
INSERT INTO `mydb`.`Library` (`idLibrary`, `Number_Games`) VALUES (7, 9);
INSERT INTO `mydb`.`Library` (`idLibrary`, `Number_Games`) VALUES (8, 14);
INSERT INTO `mydb`.`Library` (`idLibrary`, `Number_Games`) VALUES (9, 22);

COMMIT;

-- -----------------------------------------------------
-- Data for table `mydb`.`User`
-- -----------------------------------------------------
START TRANSACTION;
USE `mydb`;
INSERT INTO `mydb`.`User` (`idUser`, `First_name`, `M_I`, `Last_name`, `Username`, `Email`, `Phone_number`, `DOB`, `Password`, `Address`, `Country`, `idLibrary`) VALUES (1, 'Jessica', 'A', 'William', 'LadyBug', 'JAWilliam@goojoo.com', '302-343-9638', '1998-08-12', '********', '2718 Park Place Dr. ', 'USA', '6');
INSERT INTO `mydb`.`User` (`idUser`, `First_name`, `M_I`, `Last_name`, `Username`, `Email`, `Phone_number`, `DOB`, `Password`, `Address`, `Country`, `idLibrary`) VALUES (7, 'Elijah', 'S', 'Davis', 'ThunderCat', 'Catman@yahoop.com', '804-456-7891', '1989-03-12', '********', '6469 East Lavender Rd.', 'China', '9');
INSERT INTO `mydb`.`User` (`idUser`, `First_name`, `M_I`, `Last_name`, `Username`, `Email`, `Phone_number`, `DOB`, `Password`, `Address`, `Country`, `idLibrary`) VALUES (3, 'Lewis', 'P', 'Suh', 'Suh321', 'SuhLewis@google.com', '302-649-0000', '1993-08-04', '********', '8425 Northpoint CT', 'Japan', '5');
INSERT INTO `mydb`.`User` (`idUser`, `First_name`, `M_I`, `Last_name`, `Username`, `Email`, `Phone_number`, `DOB`, `Password`, `Address`, `Country`, `idLibrary`) VALUES (4, 'Ennis', 'J', 'Jenkins', 'EnnisMan', 'EJenkins@yelp.com', '240-234-1938', '2000-12-22', '********', '4525 Running Dr.', 'USA', '7');
INSERT INTO `mydb`.`User` (`idUser`, `First_name`, `M_I`, `Last_name`, `Username`, `Email`, `Phone_number`, `DOB`, `Password`, `Address`, `Country`, `idLibrary`) VALUES (5, 'Oliva', 'T', 'Lawrence', 'PrincessLiv', 'OTLawrence@google.com', '571-000-0000', '1995-10-19', '********', '6254 Mexico Pl. ', 'Mexico', '8');
INSERT INTO `mydb`.`User` (`idUser`, `First_name`, `M_I`, `Last_name`, `Username`, `Email`, `Phone_number`, `DOB`, `Password`, `Address`, `Country`, `idLibrary`) VALUES (6, 'Sharmane', 'K', 'Taylor', 'SharkFin', 'SharShark83@bing.com', '443-183-1938', '1982-08-06', '********', '5425 Playstation Ct', 'Japan', '1');
INSERT INTO `mydb`.`User` (`idUser`, `First_name`, `M_I`, `Last_name`, `Username`, `Email`, `Phone_number`, `DOB`, `Password`, `Address`, `Country`, `idLibrary`) VALUES (2, 'Alex', 'S', 'Jefferson', 'Squadboy', 'JeffAlex@bing.com', '301-564-3241', '1973-02-28', '********', '4627 Landover Mills St.', 'Brazil', '2'); -- Note: 02/29/73 is invalid, changed to 02/28/73
INSERT INTO `mydb`.`User` (`idUser`, `First_name`, `M_I`, `Last_name`, `Username`, `Email`, `Phone_number`, `DOB`, `Password`, `Address`, `Country`, `idLibrary`) VALUES (8, 'Jolie', 'R', 'Denson', 'MyHeadItch', 'JD210@hotmail.com', '804-854-0284', '1979-01-24', '********', '4259 South Boston Ln.', 'Peru', '3');
INSERT INTO `mydb`.`User` (`idUser`, `First_name`, `M_I`, `Last_name`, `Username`, `Email`, `Phone_number`, `DOB`, `Password`, `Address`, `Country`, `idLibrary`) VALUES (9, 'Caleb', 'G', 'Scott', 'YoungJefeHolmes4', 'Poopla@google.com', '240-897-0652', '1992-09-10', '********', '8829 North France Dr.', 'France', '4');

COMMIT;


-- -----------------------------------------------------
-- Data for table `mydb`.`Genre`
-- -----------------------------------------------------
START TRANSACTION;
USE `mydb`;
INSERT INTO `mydb`.`Genre` (`idGenre`, `Genre_name`) VALUES (1, 'Action');
INSERT INTO `mydb`.`Genre` (`idGenre`, `Genre_name`) VALUES (2, 'FPS');
INSERT INTO `mydb`.`Genre` (`idGenre`, `Genre_name`) VALUES (3, 'Adventure');
INSERT INTO `mydb`.`Genre` (`idGenre`, `Genre_name`) VALUES (4, 'Sports');
INSERT INTO `mydb`.`Genre` (`idGenre`, `Genre_name`) VALUES (5, 'Platform');
INSERT INTO `mydb`.`Genre` (`idGenre`, `Genre_name`) VALUES (6, 'Open World');
INSERT INTO `mydb`.`Genre` (`idGenre`, `Genre_name`) VALUES (7, 'Action Adventure');
INSERT INTO `mydb`.`Genre` (`idGenre`, `Genre_name`) VALUES (8, 'MMO');
INSERT INTO `mydb`.`Genre` (`idGenre`, `Genre_name`) VALUES (9, 'Role-Playing');
INSERT INTO `mydb`.`Genre` (`idGenre`, `Genre_name`) VALUES (10, 'Battle Royale');
INSERT INTO `mydb`.`Genre` (`idGenre`, `Genre_name`) VALUES (11, 'Survival / Horror');
INSERT INTO `mydb`.`Genre` (`idGenre`, `Genre_name`) VALUES (12, 'Racing');
INSERT INTO `mydb`.`Genre` (`idGenre`, `Genre_name`) VALUES (13, 'RPG');
INSERT INTO `mydb`.`Genre` (`idGenre`, `Genre_name`) VALUES (14, 'Fighting');



COMMIT;


-- -----------------------------------------------------
-- Data for table `mydb`.`Game_Genre`
-- -----------------------------------------------------
START TRANSACTION;
USE `mydb`;
INSERT INTO `mydb`.`Game_Genre` (`idGame`, `idGenre`) VALUES (1, 4);
INSERT INTO `mydb`.`Game_Genre` (`idGame`, `idGenre`) VALUES (2, 4);
INSERT INTO `mydb`.`Game_Genre` (`idGame`, `idGenre`) VALUES (3, 4);
INSERT INTO `mydb`.`Game_Genre` (`idGame`, `idGenre`) VALUES (4, 4);
INSERT INTO `mydb`.`Game_Genre` (`idGame`, `idGenre`) VALUES (5, 5);
INSERT INTO `mydb`.`Game_Genre` (`idGame`, `idGenre`) VALUES (6, 2);
INSERT INTO `mydb`.`Game_Genre` (`idGame`, `idGenre`) VALUES (7, 7);
INSERT INTO `mydb`.`Game_Genre` (`idGame`, `idGenre`) VALUES (8, 9);
INSERT INTO `mydb`.`Game_Genre` (`idGame`, `idGenre`) VALUES (9, 2);
INSERT INTO `mydb`.`Game_Genre` (`idGame`, `idGenre`) VALUES (10, 8);
INSERT INTO `mydb`.`Game_Genre` (`idGame`, `idGenre`) VALUES (11, 9);
INSERT INTO `mydb`.`Game_Genre` (`idGame`, `idGenre`) VALUES (12, 9);
INSERT INTO `mydb`.`Game_Genre` (`idGame`, `idGenre`) VALUES (13, 1);
INSERT INTO `mydb`.`Game_Genre` (`idGame`, `idGenre`) VALUES (13, 3);
INSERT INTO `mydb`.`Game_Genre` (`idGame`, `idGenre`) VALUES (13, 9);
INSERT INTO `mydb`.`Game_Genre` (`idGame`, `idGenre`) VALUES (14, 10);
INSERT INTO `mydb`.`Game_Genre` (`idGame`, `idGenre`) VALUES (15, 10);
INSERT INTO `mydb`.`Game_Genre` (`idGame`, `idGenre`) VALUES (16, 7);
INSERT INTO `mydb`.`Game_Genre` (`idGame`, `idGenre`) VALUES (17, 7);
INSERT INTO `mydb`.`Game_Genre` (`idGame`, `idGenre`) VALUES (18, 11);
INSERT INTO `mydb`.`Game_Genre` (`idGame`, `idGenre`) VALUES (19, 3);
INSERT INTO `mydb`.`Game_Genre` (`idGame`, `idGenre`) VALUES (20, 11);
INSERT INTO `mydb`.`Game_Genre` (`idGame`, `idGenre`) VALUES (21, 12);
INSERT INTO `mydb`.`Game_Genre` (`idGame`, `idGenre`) VALUES (22, 4);
INSERT INTO `mydb`.`Game_Genre` (`idGame`, `idGenre`) VALUES (23, 4);
INSERT INTO `mydb`.`Game_Genre` (`idGame`, `idGenre`) VALUES (24, 4);
INSERT INTO `mydb`.`Game_Genre` (`idGame`, `idGenre`) VALUES (25, 4);
INSERT INTO `mydb`.`Game_Genre` (`idGame`, `idGenre`) VALUES (26, 3);
INSERT INTO `mydb`.`Game_Genre` (`idGame`, `idGenre`) VALUES (27, 3);
INSERT INTO `mydb`.`Game_Genre` (`idGame`, `idGenre`) VALUES (28, 11);
INSERT INTO `mydb`.`Game_Genre` (`idGame`, `idGenre`) VALUES (29, 7);
INSERT INTO `mydb`.`Game_Genre` (`idGame`, `idGenre`) VALUES (30, 11);
INSERT INTO `mydb`.`Game_Genre` (`idGame`, `idGenre`) VALUES (31, 2);
INSERT INTO `mydb`.`Game_Genre` (`idGame`, `idGenre`) VALUES (32, 2);
INSERT INTO `mydb`.`Game_Genre` (`idGame`, `idGenre`) VALUES (33, 11);
INSERT INTO `mydb`.`Game_Genre` (`idGame`, `idGenre`) VALUES (34, 12);
INSERT INTO `mydb`.`Game_Genre` (`idGame`, `idGenre`) VALUES (35, 9);
INSERT INTO `mydb`.`Game_Genre` (`idGame`, `idGenre`) VALUES (36, 3);
INSERT INTO `mydb`.`Game_Genre` (`idGame`, `idGenre`) VALUES (37, 4);
INSERT INTO `mydb`.`Game_Genre` (`idGame`, `idGenre`) VALUES (38, 8);
INSERT INTO `mydb`.`Game_Genre` (`idGame`, `idGenre`) VALUES (39, 4);
INSERT INTO `mydb`.`Game_Genre` (`idGame`, `idGenre`) VALUES (40, 4);
INSERT INTO `mydb`.`Game_Genre` (`idGame`, `idGenre`) VALUES (41, 4);
INSERT INTO `mydb`.`Game_Genre` (`idGame`, `idGenre`) VALUES (42, 11);
INSERT INTO `mydb`.`Game_Genre` (`idGame`, `idGenre`) VALUES (43, 9);
INSERT INTO `mydb`.`Game_Genre` (`idGame`, `idGenre`) VALUES (43, 3);
INSERT INTO `mydb`.`Game_Genre` (`idGame`, `idGenre`) VALUES (44, 1);
INSERT INTO `mydb`.`Game_Genre` (`idGame`, `idGenre`) VALUES (44, 2);
INSERT INTO `mydb`.`Game_Genre` (`idGame`, `idGenre`) VALUES (45, 3);
INSERT INTO `mydb`.`Game_Genre` (`idGame`, `idGenre`) VALUES (45, 7);
INSERT INTO `mydb`.`Game_Genre` (`idGame`, `idGenre`) VALUES (45, 9);
INSERT INTO `mydb`.`Game_Genre` (`idGame`, `idGenre`) VALUES (46, 2);
INSERT INTO `mydb`.`Game_Genre` (`idGame`, `idGenre`) VALUES (46, 11);
INSERT INTO `mydb`.`Game_Genre` (`idGame`, `idGenre`) VALUES (47, 4);
INSERT INTO `mydb`.`Game_Genre` (`idGame`, `idGenre`) VALUES (48, 4);
INSERT INTO `mydb`.`Game_Genre` (`idGame`, `idGenre`) VALUES (49, 13);
INSERT INTO `mydb`.`Game_Genre` (`idGame`, `idGenre`) VALUES (50, 11);
INSERT INTO `mydb`.`Game_Genre` (`idGame`, `idGenre`) VALUES (51, 4);
INSERT INTO `mydb`.`Game_Genre` (`idGame`, `idGenre`) VALUES (52, 1);
INSERT INTO `mydb`.`Game_Genre` (`idGame`, `idGenre`) VALUES (52, 3);
INSERT INTO `mydb`.`Game_Genre` (`idGame`, `idGenre`) VALUES (53, 1);
INSERT INTO `mydb`.`Game_Genre` (`idGame`, `idGenre`) VALUES (53, 3);
INSERT INTO `mydb`.`Game_Genre` (`idGame`, `idGenre`) VALUES (54, 4);
INSERT INTO `mydb`.`Game_Genre` (`idGame`, `idGenre`) VALUES (55, 1);
INSERT INTO `mydb`.`Game_Genre` (`idGame`, `idGenre`) VALUES (55, 3);
INSERT INTO `mydb`.`Game_Genre` (`idGame`, `idGenre`) VALUES (55, 5);
INSERT INTO `mydb`.`Game_Genre` (`idGame`, `idGenre`) VALUES (56, 14);
INSERT INTO `mydb`.`Game_Genre` (`idGame`, `idGenre`) VALUES (57, 7);
INSERT INTO `mydb`.`Game_Genre` (`idGame`, `idGenre`) VALUES (58, 7);
INSERT INTO `mydb`.`Game_Genre` (`idGame`, `idGenre`) VALUES (59, 14);
INSERT INTO `mydb`.`Game_Genre` (`idGame`, `idGenre`) VALUES (60, 14);
INSERT INTO `mydb`.`Game_Genre` (`idGame`, `idGenre`) VALUES (61, 14);
INSERT INTO `mydb`.`Game_Genre` (`idGame`, `idGenre`) VALUES (62, 14);
INSERT INTO `mydb`.`Game_Genre` (`idGame`, `idGenre`) VALUES (63, 14);
INSERT INTO `mydb`.`Game_Genre` (`idGame`, `idGenre`) VALUES (64, 14);
INSERT INTO `mydb`.`Game_Genre` (`idGame`, `idGenre`) VALUES (65, 1);
INSERT INTO `mydb`.`Game_Genre` (`idGame`, `idGenre`) VALUES (65, 14);
INSERT INTO `mydb`.`Game_Genre` (`idGame`, `idGenre`) VALUES (66, 11);
INSERT INTO `mydb`.`Game_Genre` (`idGame`, `idGenre`) VALUES (67, 7);
INSERT INTO `mydb`.`Game_Genre` (`idGame`, `idGenre`) VALUES (68, 1);
INSERT INTO `mydb`.`Game_Genre` (`idGame`, `idGenre`) VALUES (68, 3);
INSERT INTO `mydb`.`Game_Genre` (`idGame`, `idGenre`) VALUES (68, 11);
COMMIT;

-- -----------------------------------------------------
-- Data for table `mydb`.`Game_Region`
-- -----------------------------------------------------
START TRANSACTION;
USE `mydb`;
INSERT INTO `mydb`.`Game_Region` (`idGame`, `idRegion`) VALUES (1, 1);
INSERT INTO `mydb`.`Game_Region` (`idGame`, `idRegion`) VALUES (2, 1);
INSERT INTO `mydb`.`Game_Region` (`idGame`, `idRegion`) VALUES (3, 1);
INSERT INTO `mydb`.`Game_Region` (`idGame`, `idRegion`) VALUES (4, 1);
INSERT INTO `mydb`.`Game_Region` (`idGame`, `idRegion`) VALUES (5, 1);
INSERT INTO `mydb`.`Game_Region` (`idGame`, `idRegion`) VALUES (6, 1);
INSERT INTO `mydb`.`Game_Region` (`idGame`, `idRegion`) VALUES (7, 1);
INSERT INTO `mydb`.`Game_Region` (`idGame`, `idRegion`) VALUES (8, 1);
INSERT INTO `mydb`.`Game_Region` (`idGame`, `idRegion`) VALUES (9, 1);
INSERT INTO `mydb`.`Game_Region` (`idGame`, `idRegion`) VALUES (10, 1);
INSERT INTO `mydb`.`Game_Region` (`idGame`, `idRegion`) VALUES (11, 1);
INSERT INTO `mydb`.`Game_Region` (`idGame`, `idRegion`) VALUES (12, 1);
INSERT INTO `mydb`.`Game_Region` (`idGame`, `idRegion`) VALUES (13, 1);
INSERT INTO `mydb`.`Game_Region` (`idGame`, `idRegion`) VALUES (14, 1);
INSERT INTO `mydb`.`Game_Region` (`idGame`, `idRegion`) VALUES (15, 1);
INSERT INTO `mydb`.`Game_Region` (`idGame`, `idRegion`) VALUES (16, 1);
INSERT INTO `mydb`.`Game_Region` (`idGame`, `idRegion`) VALUES (17, 1);
INSERT INTO `mydb`.`Game_Region` (`idGame`, `idRegion`) VALUES (18, 1);
INSERT INTO `mydb`.`Game_Region` (`idGame`, `idRegion`) VALUES (19, 1);
INSERT INTO `mydb`.`Game_Region` (`idGame`, `idRegion`) VALUES (20, 1);
INSERT INTO `mydb`.`Game_Region` (`idGame`, `idRegion`) VALUES (21, 1);
INSERT INTO `mydb`.`Game_Region` (`idGame`, `idRegion`) VALUES (22, 1);
INSERT INTO `mydb`.`Game_Region` (`idGame`, `idRegion`) VALUES (23, 1);
INSERT INTO `mydb`.`Game_Region` (`idGame`, `idRegion`) VALUES (24, 1);
INSERT INTO `mydb`.`Game_Region` (`idGame`, `idRegion`) VALUES (25, 1);
INSERT INTO `mydb`.`Game_Region` (`idGame`, `idRegion`) VALUES (26, 1);
INSERT INTO `mydb`.`Game_Region` (`idGame`, `idRegion`) VALUES (27, 1);
INSERT INTO `mydb`.`Game_Region` (`idGame`, `idRegion`) VALUES (28, 1);
INSERT INTO `mydb`.`Game_Region` (`idGame`, `idRegion`) VALUES (29, 1);
INSERT INTO `mydb`.`Game_Region` (`idGame`, `idRegion`) VALUES (30, 1);
INSERT INTO `mydb`.`Game_Region` (`idGame`, `idRegion`) VALUES (31, 1);
INSERT INTO `mydb`.`Game_Region` (`idGame`, `idRegion`) VALUES (32, 1);
INSERT INTO `mydb`.`Game_Region` (`idGame`, `idRegion`) VALUES (33, 1);
INSERT INTO `mydb`.`Game_Region` (`idGame`, `idRegion`) VALUES (34, 1);
INSERT INTO `mydb`.`Game_Region` (`idGame`, `idRegion`) VALUES (35, 1);
INSERT INTO `mydb`.`Game_Region` (`idGame`, `idRegion`) VALUES (36, 1);
INSERT INTO `mydb`.`Game_Region` (`idGame`, `idRegion`) VALUES (37, 1);
INSERT INTO `mydb`.`Game_Region` (`idGame`, `idRegion`) VALUES (38, 1);
INSERT INTO `mydb`.`Game_Region` (`idGame`, `idRegion`) VALUES (39, 1);
INSERT INTO `mydb`.`Game_Region` (`idGame`, `idRegion`) VALUES (40, 1);
INSERT INTO `mydb`.`Game_Region` (`idGame`, `idRegion`) VALUES (41, 1);
INSERT INTO `mydb`.`Game_Region` (`idGame`, `idRegion`) VALUES (42, 1);
INSERT INTO `mydb`.`Game_Region` (`idGame`, `idRegion`) VALUES (43, 1);
INSERT INTO `mydb`.`Game_Region` (`idGame`, `idRegion`) VALUES (44, 1);
INSERT INTO `mydb`.`Game_Region` (`idGame`, `idRegion`) VALUES (45, 1);
INSERT INTO `mydb`.`Game_Region` (`idGame`, `idRegion`) VALUES (46, 1);
INSERT INTO `mydb`.`Game_Region` (`idGame`, `idRegion`) VALUES (47, 1);
INSERT INTO `mydb`.`Game_Region` (`idGame`, `idRegion`) VALUES (48, 1);
INSERT INTO `mydb`.`Game_Region` (`idGame`, `idRegion`) VALUES (49, 1);
INSERT INTO `mydb`.`Game_Region` (`idGame`, `idRegion`) VALUES (50, 1);
INSERT INTO `mydb`.`Game_Region` (`idGame`, `idRegion`) VALUES (51, 1);
INSERT INTO `mydb`.`Game_Region` (`idGame`, `idRegion`) VALUES (52, 1);
INSERT INTO `mydb`.`Game_Region` (`idGame`, `idRegion`) VALUES (53, 1);
INSERT INTO `mydb`.`Game_Region` (`idGame`, `idRegion`) VALUES (54, 1);
INSERT INTO `mydb`.`Game_Region` (`idGame`, `idRegion`) VALUES (55, 1);
INSERT INTO `mydb`.`Game_Region` (`idGame`, `idRegion`) VALUES (56, 1);
INSERT INTO `mydb`.`Game_Region` (`idGame`, `idRegion`) VALUES (57, 2);
INSERT INTO `mydb`.`Game_Region` (`idGame`, `idRegion`) VALUES (57, 3);
INSERT INTO `mydb`.`Game_Region` (`idGame`, `idRegion`) VALUES (57, 5);
INSERT INTO `mydb`.`Game_Region` (`idGame`, `idRegion`) VALUES (57, 6);
INSERT INTO `mydb`.`Game_Region` (`idGame`, `idRegion`) VALUES (57, 7);
INSERT INTO `mydb`.`Game_Region` (`idGame`, `idRegion`) VALUES (58, 1);
INSERT INTO `mydb`.`Game_Region` (`idGame`, `idRegion`) VALUES (59, 1);
INSERT INTO `mydb`.`Game_Region` (`idGame`, `idRegion`) VALUES (60, 1);
INSERT INTO `mydb`.`Game_Region` (`idGame`, `idRegion`) VALUES (61, 6);
INSERT INTO `mydb`.`Game_Region` (`idGame`, `idRegion`) VALUES (62, 6);
INSERT INTO `mydb`.`Game_Region` (`idGame`, `idRegion`) VALUES (63, 1);
INSERT INTO `mydb`.`Game_Region` (`idGame`, `idRegion`) VALUES (64, 1);
INSERT INTO `mydb`.`Game_Region` (`idGame`, `idRegion`) VALUES (65, 1);
INSERT INTO `mydb`.`Game_Region` (`idGame`, `idRegion`) VALUES (66, 2);
INSERT INTO `mydb`.`Game_Region` (`idGame`, `idRegion`) VALUES (66, 3);
INSERT INTO `mydb`.`Game_Region` (`idGame`, `idRegion`) VALUES (66, 4);
INSERT INTO `mydb`.`Game_Region` (`idGame`, `idRegion`) VALUES (66, 6);
INSERT INTO `mydb`.`Game_Region` (`idGame`, `idRegion`) VALUES (66, 7);
INSERT INTO `mydb`.`Game_Region` (`idGame`, `idRegion`) VALUES (67, 2);
INSERT INTO `mydb`.`Game_Region` (`idGame`, `idRegion`) VALUES (67, 4);
INSERT INTO `mydb`.`Game_Region` (`idGame`, `idRegion`) VALUES (67, 5);
INSERT INTO `mydb`.`Game_Region` (`idGame`, `idRegion`) VALUES (67, 6);
INSERT INTO `mydb`.`Game_Region` (`idGame`, `idRegion`) VALUES (67, 7);
INSERT INTO `mydb`.`Game_Region` (`idGame`, `idRegion`) VALUES (68, 1);
COMMIT;
-- -----------------------------------------------------
-- Data for table `mydb`.`Publisher`
-- -----------------------------------------------------
START TRANSACTION;
USE `mydb`;
INSERT INTO `mydb`.`Publisher` (`idPublisher`, `Publisher_name`) VALUES (1, 'Take-Two Interactive');
INSERT INTO `mydb`.`Publisher` (`idPublisher`, `Publisher_name`) VALUES (2, 'Activision');
INSERT INTO `mydb`.`Publisher` (`idPublisher`, `Publisher_name`) VALUES (3, 'Epic Games');
INSERT INTO `mydb`.`Publisher` (`idPublisher`, `Publisher_name`) VALUES (4, 'Ubisoft');
INSERT INTO `mydb`.`Publisher` (`idPublisher`, `Publisher_name`) VALUES (5, 'Sony Copmuter Entertainment');
INSERT INTO `mydb`.`Publisher` (`idPublisher`, `Publisher_name`) VALUES (6, 'Square Enix');
INSERT INTO `mydb`.`Publisher` (`idPublisher`, `Publisher_name`) VALUES (7, 'Electronics Art');
INSERT INTO `mydb`.`Publisher` (`idPublisher`, `Publisher_name`) VALUES (8, 'Capcom Entertainment');
INSERT INTO `mydb`.`Publisher` (`idPublisher`, `Publisher_name`) VALUES (9, 'Sega');
INSERT INTO `mydb`.`Publisher` (`idPublisher`, `Publisher_name`) VALUES (10, 'Bandai Namco');
INSERT INTO `mydb`.`Publisher` (`idPublisher`, `Publisher_name`) VALUES (11, 'CD Projekt');
INSERT INTO `mydb`.`Publisher` (`idPublisher`, `Publisher_name`) VALUES (12, 'Focus Home Interactive');
INSERT INTO `mydb`.`Publisher` (`idPublisher`, `Publisher_name`) VALUES (13, 'WB Games');
INSERT INTO `mydb`.`Publisher` (`idPublisher`, `Publisher_name`) VALUES (14, 'Krafton');
INSERT INTO `mydb`.`Publisher` (`idPublisher`, `Publisher_name`) VALUES (15, 'Konami');


COMMIT;


-- -----------------------------------------------------
-- Data for table `mydb`.`Region`
-- -----------------------------------------------------
START TRANSACTION;
USE `mydb`;
INSERT INTO `mydb`.`Region` (`idRegion`, `Region_name`) VALUES (1, 'All Regions');
INSERT INTO `mydb`.`Region` (`idRegion`, `Region_name`) VALUES (2, 'Bermuda,Canadam United States and U.S. territories');
INSERT INTO `mydb`.`Region` (`idRegion`, `Region_name`) VALUES (3, 'The Middle East, Western Europe, Central Europe, Egypt, French overseas territories, Greenland, Japan, Lesotho, South Africa and Swaziland');
INSERT INTO `mydb`.`Region` (`idRegion`, `Region_name`) VALUES (4, 'Southeast Asia, Hong Kong, Macau, South Korea and Taiwan');
INSERT INTO `mydb`.`Region` (`idRegion`, `Region_name`) VALUES (5, 'Australasia, Central America, the Caribbean, Mexico, Oceania, South America');
INSERT INTO `mydb`.`Region` (`idRegion`, `Region_name`) VALUES (6, 'The rest of Africa, Former Soviet Union, the Indian subcontinent, Mongolia, North Korea');
INSERT INTO `mydb`.`Region` (`idRegion`, `Region_name`) VALUES (7, 'Mainland China');

COMMIT;


-- -----------------------------------------------------
-- Data for table `mydb`.`Region_Sale`
-- -----------------------------------------------------
START TRANSACTION;
USE `mydb`;
INSERT INTO `mydb`.`Region_Sale` (`idRegion_Sale`, `Genre_id`, `Num_Sales`, `idRegion`) VALUES (12, 2, 534984, 1);
INSERT INTO `mydb`.`Region_Sale` (`idRegion_Sale`, `Genre_id`, `Num_Sales`, `idRegion`) VALUES (110, 10, 837132, 1);
INSERT INTO `mydb`.`Region_Sale` (`idRegion_Sale`, `Genre_id`, `Num_Sales`, `idRegion`) VALUES (29, 9, 129483, 1);
INSERT INTO `mydb`.`Region_Sale` (`idRegion_Sale`, `Genre_id`, `Num_Sales`, `idRegion`) VALUES (25, 5, 373948, 1);
INSERT INTO `mydb`.`Region_Sale` (`idRegion_Sale`, `Genre_id`, `Num_Sales`, `idRegion`) VALUES (34, 4, 493582, 1);
INSERT INTO `mydb`.`Region_Sale` (`idRegion_Sale`, `Genre_id`, `Num_Sales`, `idRegion`) VALUES (37, 7, 234958, 1);
INSERT INTO `mydb`.`Region_Sale` (`idRegion_Sale`, `Genre_id`, `Num_Sales`, `idRegion`) VALUES (41, 1, 145483, 1);
INSERT INTO `mydb`.`Region_Sale` (`idRegion_Sale`, `Genre_id`, `Num_Sales`, `idRegion`) VALUES (49, 9, 589583, 1);
INSERT INTO `mydb`.`Region_Sale` (`idRegion_Sale`, `Genre_id`, `Num_Sales`, `idRegion`) VALUES (510, 10, 638284, 1);
INSERT INTO `mydb`.`Region_Sale` (`idRegion_Sale`, `Genre_id`, `Num_Sales`, `idRegion`) VALUES (52, 2, 283204, 1);

COMMIT;


-- -----------------------------------------------------
-- Data for table `mydb`.`Store`
-- -----------------------------------------------------
START TRANSACTION;
USE `mydb`;
INSERT INTO `mydb`.`Store` (`idStore`, `Games_N_sold`, `Games_owned`, `Games_price`, `Game_release`, `Game_id`) VALUES (1, 30923, 37128, 60.00, '2007-01-07', 2);
INSERT INTO `mydb`.`Store` (`idStore`, `Games_N_sold`, `Games_owned`, `Games_price`, `Game_release`, `Game_id`) VALUES (2, 9847, 10843, 70.00, '2022-09-23', 16);
INSERT INTO `mydb`.`Store` (`idStore`, `Games_N_sold`, `Games_owned`, `Games_price`, `Game_release`, `Game_id`) VALUES (3, 18281, 21382, 60.00, '2016-08-19', 4);
INSERT INTO `mydb`.`Store` (`idStore`, `Games_N_sold`, `Games_owned`, `Games_price`, `Game_release`, `Game_id`) VALUES (4, 9273, 11394, 70.00, '2020-06-28', 17);
INSERT INTO `mydb`.`Store` (`idStore`, `Games_N_sold`, `Games_owned`, `Games_price`, `Game_release`, `Game_id`) VALUES (5, 8347, 9482, 60.00, '2019-09-18', 8);
INSERT INTO `mydb`.`Store` (`idStore`, `Games_N_sold`, `Games_owned`, `Games_price`, `Game_release`, `Game_id`) VALUES (7, 8238, 8508, 60.00, '2013-05-23', 1);
INSERT INTO `mydb`.`Store` (`idStore`, `Games_N_sold`, `Games_owned`, `Games_price`, `Game_release`, `Game_id`) VALUES (8, 21478, 21478, 70.00, '2022-09-23', 16);
INSERT INTO `mydb`.`Store` (`idStore`, `Games_N_sold`, `Games_owned`, `Games_price`, `Game_release`, `Game_id`) VALUES (9, 20238, 23387, 60.00, '2013-11-10', 10);

COMMIT;

-- -----------------------------------------------------
-- Data for table `mydb`.`Game`
-- -----------------------------------------------------
START TRANSACTION;
USE `mydb`;
INSERT INTO `mydb`.`Game` (`idGame`, `Title`, `idPublisher`, `Release_year`) VALUES (1, 'Madden 25', 7, 2013);
INSERT INTO `mydb`.`Game` (`idGame`, `Title`, `idPublisher`, `Release_year`) VALUES (2, 'Madden 20', 7, 2019);
INSERT INTO `mydb`.`Game` (`idGame`, `Title`, `idPublisher`, `Release_year`) VALUES (3, '2k16', 1, 2015);
INSERT INTO `mydb`.`Game` (`idGame`, `Title`, `idPublisher`, `Release_year`) VALUES (4, '2k17', 1, 2016);
INSERT INTO `mydb`.`Game` (`idGame`, `Title`, `idPublisher`, `Release_year`) VALUES (5, 'Rayman Legends', 4, 2014);
INSERT INTO `mydb`.`Game` (`idGame`, `Title`, `idPublisher`, `Release_year`) VALUES (6, 'Far Cry 3', 4, 2012);
INSERT INTO `mydb`.`Game` (`idGame`, `Title`, `idPublisher`, `Release_year`) VALUES (7, 'Assassin\'s Creed: Black Flag', 4, 2013);
INSERT INTO `mydb`.`Game` (`idGame`, `Title`, `idPublisher`, `Release_year`) VALUES (8, 'Sekiro: Shadows Die Twice', 2, 2019);
INSERT INTO `mydb`.`Game` (`idGame`, `Title`, `idPublisher`, `Release_year`) VALUES (9, 'Call of Duty 4: Modern Warfare ', 2, 2007);
INSERT INTO `mydb`.`Game` (`idGame`, `Title`, `idPublisher`, `Release_year`) VALUES (10, 'Final Fantasy XIV', 6, 2013);
INSERT INTO `mydb`.`Game` (`idGame`, `Title`, `idPublisher`, `Release_year`) VALUES (11, 'NieR: Automata ', 6, 2017);
INSERT INTO `mydb`.`Game` (`idGame`, `Title`, `idPublisher`, `Release_year`) VALUES (12, 'Dragon Quest XI S: Echoes Of An Elusive Age', 6, 2017);
INSERT INTO `mydb`.`Game` (`idGame`, `Title`, `idPublisher`, `Release_year`) VALUES (13, 'Grand Theft Auto IV', 1, 2008);
INSERT INTO `mydb`.`Game` (`idGame`, `Title`, `idPublisher`, `Release_year`) VALUES (14, 'Fall Guys', 3, 2020);
INSERT INTO `mydb`.`Game` (`idGame`, `Title`, `idPublisher`, `Release_year`) VALUES (15, 'Fortnite Battle Royale', 3, 2017);
INSERT INTO `mydb`.`Game` (`idGame`, `Title`, `idPublisher`, `Release_year`) VALUES (16, 'God of War Ragnork', 5, 2022);
INSERT INTO `mydb`.`Game` (`idGame`, `Title`, `idPublisher`, `Release_year`) VALUES (17, 'Spiderman Miles Morales', 5, 2020);
INSERT INTO `mydb`.`Game` (`idGame`, `Title`, `idPublisher`, `Release_year`) VALUES (18, 'The Last of Us Part Two', 5, 2020);
INSERT INTO `mydb`.`Game` (`idGame`, `Title`, `idPublisher`, `Release_year`) VALUES (19, 'Horizon Forbidden West', 5, 2022);
INSERT INTO `mydb`.`Game` (`idGame`, `Title`, `idPublisher`, `Release_year`) VALUES (20, 'The Last of Us Part One', 5, 2022);
INSERT INTO `mydb`.`Game` (`idGame`, `Title`, `idPublisher`, `Release_year`) VALUES (21, 'Gran Turismo 7', 5, 2022);
INSERT INTO `mydb`.`Game` (`idGame`, `Title`, `idPublisher`, `Release_year`) VALUES (22, '2k20', 1, 2019);
INSERT INTO `mydb`.`Game` (`idGame`, `Title`, `idPublisher`, `Release_year`) VALUES (23, '2k21', 1, 2020);
INSERT INTO `mydb`.`Game` (`idGame`, `Title`, `idPublisher`, `Release_year`) VALUES (24, '2k22', 1, 2021);
INSERT INTO `mydb`.`Game` (`idGame`, `Title`, `idPublisher`, `Release_year`) VALUES (25, '2k23', 1, 2022);
INSERT INTO `mydb`.`Game` (`idGame`, `Title`, `idPublisher`, `Release_year`) VALUES (26, 'UNCHARTED: Legacy of Thieves Collection', 5, 2022);
INSERT INTO `mydb`.`Game` (`idGame`, `Title`, `idPublisher`, `Release_year`) VALUES (27, 'Ratchet & Clank: Rift Apart', 5, 2021);
INSERT INTO `mydb`.`Game` (`idGame`, `Title`, `idPublisher`, `Release_year`) VALUES (28, 'Returnal', 5, 2021);
INSERT INTO `mydb`.`Game` (`idGame`, `Title`, `idPublisher`, `Release_year`) VALUES (29, 'Ghost of Tsushima: Director\'s Cut', 5, 2022);
INSERT INTO `mydb`.`Game` (`idGame`, `Title`, `idPublisher`, `Release_year`) VALUES (30, 'Death Stranding: Director\'s Cut', 5, 2022);
INSERT INTO `mydb`.`Game` (`idGame`, `Title`, `idPublisher`, `Release_year`) VALUES (31, 'Call of Duty: Modern Warfare 2', 2, 2022);
INSERT INTO `mydb`.`Game` (`idGame`, `Title`, `idPublisher`, `Release_year`) VALUES (32, 'Call of Duty: Warzone 2', 2, 2022);
INSERT INTO `mydb`.`Game` (`idGame`, `Title`, `idPublisher`, `Release_year`) VALUES (33, 'The Callisto Protocol', 14, 2022);
INSERT INTO `mydb`.`Game` (`idGame`, `Title`, `idPublisher`, `Release_year`) VALUES (34, 'Need for Speed Unbound', 7, 2022);
INSERT INTO `mydb`.`Game` (`idGame`, `Title`, `idPublisher`, `Release_year`) VALUES (35, 'Gotham Knights', 13, 2022);
INSERT INTO `mydb`.`Game` (`idGame`, `Title`, `idPublisher`, `Release_year`) VALUES (36, 'Stray', 5, 2022);
INSERT INTO `mydb`.`Game` (`idGame`, `Title`, `idPublisher`, `Release_year`) VALUES (37, 'MLB The Show 22', 7, 2022);
INSERT INTO `mydb`.`Game` (`idGame`, `Title`, `idPublisher`, `Release_year`) VALUES (38, 'Elden Ring', 10, 2022);
INSERT INTO `mydb`.`Game` (`idGame`, `Title`, `idPublisher`, `Release_year`) VALUES (39, 'Madden NFL 23', 7, 2022);
INSERT INTO `mydb`.`Game` (`idGame`, `Title`, `idPublisher`, `Release_year`) VALUES (40, 'EA SPORTS FIFA 23', 7, 2022);
INSERT INTO `mydb`.`Game` (`idGame`, `Title`, `idPublisher`, `Release_year`) VALUES (41, 'EA SPORTS NHL 23', 7, 2022);
INSERT INTO `mydb`.`Game` (`idGame`, `Title`, `idPublisher`, `Release_year`) VALUES (42, 'A Plague Tale: Requiem', 12, 2022);
INSERT INTO `mydb`.`Game` (`idGame`, `Title`, `idPublisher`, `Release_year`) VALUES (43, 'Cyberpunk 2077', 11, 2015);
INSERT INTO `mydb`.`Game` (`idGame`, `Title`, `idPublisher`, `Release_year`) VALUES (44, 'Rainbow Six Siege', 4, 2015);
INSERT INTO `mydb`.`Game` (`idGame`, `Title`, `idPublisher`, `Release_year`) VALUES (45, 'LEGO Star Wars: The Skywalker Saga', 13, 2022);
INSERT INTO `mydb`.`Game` (`idGame`, `Title`, `idPublisher`, `Release_year`) VALUES (46, 'Resident Evil Village', 8, 2022);
INSERT INTO `mydb`.`Game` (`idGame`, `Title`, `idPublisher`, `Release_year`) VALUES (47, 'Minecraft', 1, 2009);
INSERT INTO `mydb`.`Game` (`idGame`, `Title`, `idPublisher`, `Release_year`) VALUES (48, 'WWE 2K16', 1, 2015);
INSERT INTO `mydb`.`Game` (`idGame`, `Title`, `idPublisher`, `Release_year`) VALUES (49, 'Marvel\'s Midnight Suns', 1, 2022);
INSERT INTO `mydb`.`Game` (`idGame`, `Title`, `idPublisher`, `Release_year`) VALUES (50, 'Silent Hill 2', 15, 2023);
INSERT INTO `mydb`.`Game` (`idGame`, `Title`, `idPublisher`, `Release_year`) VALUES (51, 'Skull and Bones', 4, 2023);
INSERT INTO `mydb`.`Game` (`idGame`, `Title`, `idPublisher`, `Release_year`) VALUES (52, 'Star Wars Jedi: Fallen Order', 7, 2018);
INSERT INTO `mydb`.`Game` (`idGame`, `Title`, `idPublisher`, `Release_year`) VALUES (53, 'Star Wars Jedi: Survivor', 7, 2023);
INSERT INTO `mydb`.`Game` (`idGame`, `Title`, `idPublisher`, `Release_year`) VALUES (54, 'Suicide Squad: Kill the Justice League', 13, 2023);
INSERT INTO `mydb`.`Game` (`idGame`, `Title`, `idPublisher`, `Release_year`) VALUES (55, 'Spiderman 2', 1, 2023);
INSERT INTO `mydb`.`Game` (`idGame`, `Title`, `idPublisher`, `Release_year`) VALUES (56, 'Sifu', 1, 2022);
INSERT INTO `mydb`.`Game` (`idGame`, `Title`, `idPublisher`, `Release_year`) VALUES (57, 'Assassin\'s Creed: Valhalla', 4, 2020);
INSERT INTO `mydb`.`Game` (`idGame`, `Title`, `idPublisher`, `Release_year`) VALUES (58, 'Assassin\'s Creed: Odyessy ', 4, 2018);
INSERT INTO `mydb`.`Game` (`idGame`, `Title`, `idPublisher`, `Release_year`) VALUES (59, 'MultiVersus', 13, 2022);
INSERT INTO `mydb`.`Game` (`idGame`, `Title`, `idPublisher`, `Release_year`) VALUES (60, 'Rumbleverse', 13, 2021);
INSERT INTO `mydb`.`Game` (`idGame`, `Title`, `idPublisher`, `Release_year`) VALUES (61, 'Tekken 8', 10, 2023);
INSERT INTO `mydb`.`Game` (`idGame`, `Title`, `idPublisher`, `Release_year`) VALUES (62, 'Mortal Kombat 11', 13, 2021);
INSERT INTO `mydb`.`Game` (`idGame`, `Title`, `idPublisher`, `Release_year`) VALUES (63, 'SOULCALIBUR VI', 4, 2018);
INSERT INTO `mydb`.`Game` (`idGame`, `Title`, `idPublisher`, `Release_year`) VALUES (64, 'DRAGON BALL FighterZ', 10, 2013);
INSERT INTO `mydb`.`Game` (`idGame`, `Title`, `idPublisher`, `Release_year`) VALUES (65, 'EA SPORTS UFC 4', 7, 2013);
INSERT INTO `mydb`.`Game` (`idGame`, `Title`, `idPublisher`, `Release_year`) VALUES (66, 'Outlast 2', 4, 2017);
INSERT INTO `mydb`.`Game` (`idGame`, `Title`, `idPublisher`, `Release_year`) VALUES (67, 'The Witcher 3: Wild Hunt', 11, 2013);
INSERT INTO `mydb`.`Game` (`idGame`, `Title`, `idPublisher`, `Release_year`) VALUES (68, 'Days Gone', 5, 2019);




COMMIT;


-- -----------------------------------------------------
-- View: GameDetailsView
-- Description: Lists games with their publisher and a comma-separated list of genres.
-- -----------------------------------------------------
DROP VIEW IF EXISTS `mydb`.`GameDetailsView`;
CREATE VIEW `mydb`.`GameDetailsView` AS
SELECT
    g.idGame,
    g.Title,
    g.Release_year,
    p.Publisher_name,
    (SELECT GROUP_CONCAT(gn.Genre_name SEPARATOR ', ')
     FROM `mydb`.`Game_Genre` gg
     JOIN `mydb`.`Genre` gn ON gg.idGenre = gn.idGenre
     WHERE gg.idGame = g.idGame) AS Genres
FROM `mydb`.`Game` g
JOIN `mydb`.`Publisher` p ON g.idPublisher = p.idPublisher;

-- -----------------------------------------------------
-- View: UserLibrarySummaryView
-- Description: Shows user information along with the number of games in their library.
-- -----------------------------------------------------
DROP VIEW IF EXISTS `mydb`.`UserLibrarySummaryView`;
CREATE VIEW `mydb`.`UserLibrarySummaryView` AS
SELECT
    u.idUser,
    u.Username,
    u.First_name,
    u.M_I,
    u.Last_name,
    u.Email,
    l.Number_Games
FROM `mydb`.`User` u
JOIN `mydb`.`Library` l ON u.idLibrary = l.idLibrary;